Arquitetura Avaliada,Média Single-Core,Desvio Padrão Single-Core,Mediana Single-Core,Média Multi-Core,Desvio Padrão Multi-Core,Mediana Multi-Core
Máquina A (i5-13420H / 45W),2216.2,21.20476609781768,2222.0,8116.5,135.2562869440631,8157.5
Máquina B (i5-1334U / 15W),1851.95,91.08901083411128,1876.5,6107.7,155.7123190880846,6146.0
Máquina F (i5-14600KF / 125W),2828.3,21.817665464384348,2838.5,14241.0,85.16547360718921,14239.0
